CODEX,SELE
274511,12.99
275156,13.02
259794,12.65
262031,10.74
261879,11.7
258115,10.35
245132,10.78
261150,10.98
276949,11.35
243205,12.66
246265,12.65
245113,10.46
245086,11.22
246123,11.27
246132,11.89
245603,9.73
245605,12.67
245450,10.94
245986,11.69
246057,10.36
245332,12.52
245393,9.88
245401,11.15
245404,11.16
245407,10.13
249951,9.61
245314,11.87
246416,11.26
245568,9.87
245176,12.35
245674,10.94
244060,12.13
244848,11.39
243979,10.89
244049,11.6
244050,9.85
244455,11.5
244456,10.97
244886,10.22
244843,10.45
244391,10.56
243702,10.62
244300,10.93
243556,12.03
244329,12.25
244226,10.04
243766,10.66
258233,12.55
248645,10.7
246908,11.94
247077,10.63
251035,10.91
250869,10.73
250895,11.79
259924,11.53
252402,9.57
260836,12.54
258290,10.83
252421,9.59
258256,11.31
258260,11.08
258162,11.68
254672,9.51
258620,12.63
259015,11.75
260099,12.82
258784,10.85
259232,11.78
259480,10.89
259485,10.88
263243,10.51
259082,11.46
260427,10.69
258446,11.96
264437,10.38
259337,12.78
259342,12.14
258438,11.33
258836,10.56
258846,11.12
259528,12.68
259470,11.28
260289,10.66
260334,11.05
259904,11.34
260269,11.27
259602,10.87
259357,10.9
260697,11.4
260988,12.4
259479,11.27
260689,11.26
260153,11.23
261058,11.48
254785,9.43
254796,9.39
261446,12.17
264669,11.38
261872,10.62
261332,11.49
261782,11.99
261106,11.89
261773,12.03
264150,12.14
261509,11.66
261708,12.92
262102,12.65
262803,11.74
261740,10.8
264411,10.51
261747,11.0
261161,12.05
262874,10.54
261563,11.15
261961,10.48
262844,10.49
262851,11.11
264110,10.53
264805,10.77
264918,12.03
275107,12.94
276867,10.5
276167,11.6
276999,10.44
276847,12.98
276613,12.95
274825,10.22
277075,11.1
277345,10.83
275904,10.0
276407,11.61
276898,10.85
275979,9.99
277021,11.2
276292,10.62
273970,10.47
277465,11.13
273905,13.42
276951,11.02
277510,10.98
276710,10.49
276687,10.99
276462,12.58
278214,11.56
278256,10.64
274778,10.77
276021,10.8
276033,10.66
280248,9.87
278275,10.65
275603,11.58
275604,10.12
274519,12.06
281291,9.76
278287,12.95
275945,11.33
289087,10.92
289094,10.36
289047,10.01
289172,11.42
289222,13.33
289229,10.27
289234,10.4
289068,11.48
289076,10.44
288975,9.53
288978,13.21
288985,11.18
288988,9.68
289111,11.1
289213,9.58
289112,11.32
289124,9.8
289133,10.0
289060,12.13
279502,10.7
278064,13.3
277658,10.69
278054,11.43
277691,12.32
277700,10.45
289284,10.97
289286,12.77
289413,9.91
289257,14.0
289387,12.87
289404,12.65
289417,10.42
289280,10.45
289315,10.72
289322,11.14
289323,11.52
289325,11.09
289016,11.01
288993,10.78
289005,12.28
289153,12.33
289332,11.04
289334,11.37
289250,10.83
289351,11.07
289369,11.58
289371,10.73
289379,10.8
292908,12.14
294150,11.69
294143,9.59
304335,11.96
304341,10.59
304344,10.89
304345,9.77
304364,10.7
304351,12.84
304275,9.9
304280,11.08
304282,10.33
304283,9.74
304322,10.0
303969,11.54
304357,9.7
304330,11.93
304389,11.53
303993,9.67
304003,12.66
304011,11.61
304223,11.69
304058,12.82
304065,10.46
304095,11.44
304408,11.58
304152,11.5
304014,12.94
303962,11.23
304086,11.07
304087,11.68
304204,10.47
304048,11.15
304362,10.31
304384,12.71
304299,10.65
292911,13.07
292929,12.82
304318,12.96
304321,11.86
308046,12.22
304156,12.28
304158,10.66
304106,12.45
304110,10.69
304116,11.09
304120,12.43
304260,12.39
304262,11.29
304264,11.18
304268,12.65
304170,11.37
304179,9.93
304181,9.94
304188,10.58
304189,10.62
309142,9.75
309148,10.05
309131,10.56
309132,11.02
309138,10.63
327669,9.82
304196,10.95
337108,10.71
337362,11.11
337379,11.55
337337,9.55
337338,12.14
337266,10.07
337161,9.97
337163,10.8
337342,10.15
337345,10.83
337348,11.05
337349,12.2
337155,10.43
337319,11.66
337323,10.4
337111,10.3
337114,9.73
337268,11.32
337281,9.87
337283,9.97
337328,11.88
337334,12.37
337300,10.88
337301,10.73
337303,11.18
337311,12.21
337312,13.34
337103,10.85
337486,9.53
337494,12.82
337502,9.21
337506,12.05
337135,11.45
337137,9.7
322143,13.09
322144,11.45
322156,10.24
322043,12.54
322140,13.03
343517,8.78
342110,11.51
342116,9.09
342121,10.49
342088,8.78
342089,9.17
342091,9.2
321894,10.6
321867,11.42
321876,10.69
321884,10.08
321888,12.14
322200,10.24
321998,10.21
321999,10.18
321965,9.95
321969,11.56
321972,10.78
322080,10.07
322089,11.84
321847,11.41
321848,10.17
322173,10.45
321857,10.62
321859,10.14
322175,11.94
322179,11.0
321936,10.67
321949,11.03
321951,10.72
321952,11.55
321953,12.97
322059,10.14
322064,11.64
322065,11.27
322068,10.2
321828,11.98
321830,10.01
322007,11.89
321916,11.03
321918,10.63
322119,10.24
322124,12.6
322125,11.53
322210,10.77
322035,11.96
321816,11.81
321819,10.33
321992,11.36
322104,11.93
322112,10.42
341044,11.3
341045,9.54
341021,10.59
337171,10.17
337189,11.58
337412,10.86
341027,9.95
341031,9.84
341036,10.09
326160,12.0
326168,10.69
337445,12.22
337433,10.84
337457,11.69
337459,10.01
337234,11.64
337235,12.25
325191,11.88
325201,11.04
337243,9.85
337246,9.71
337218,11.72
337469,11.43
337441,12.23
321890,12.61
275258,11.62
260971,11.56
258605,11.3
258489,11.7
274698,12.18
276392,11.52
260770,10.71
261591,10.98
261729,11.42
245443,11.12
243182,12.67
243142,12.6
245654,10.2
245776,9.77
245731,10.8
246343,10.66
245561,10.04
245619,11.84
245621,12.19
246095,10.8
245636,12.54
245639,11.59
246778,9.88
246730,10.87
246190,11.99
246657,11.09
245451,10.93
245453,11.32
245553,11.06
245985,10.44
245509,10.87
246094,10.86
245394,11.08
245148,10.4
245213,10.31
245929,11.82
246361,11.67
245377,11.35
244852,11.66
243985,10.07
243988,11.97
244535,10.98
243777,10.63
244379,12.04
244208,10.71
244844,10.19
244633,9.74
244746,10.18
244753,11.0
243358,12.84
244279,10.62
244290,10.96
243368,12.25
244361,9.73
243768,10.28
248927,10.34
248890,9.99
251145,10.19
247055,11.07
246800,12.43
246807,12.17
248426,11.82
248715,10.15
250948,10.31
250824,10.01
250540,9.65
251070,10.8
248551,11.72
248965,10.88
258145,13.08
254670,9.5
250608,9.64
259981,12.11
260650,11.31
254801,9.44
260402,12.42
260731,11.3
258117,7.03
258205,10.8
258610,10.67
260077,11.9
259234,12.58
259487,10.53
259554,10.83
258377,11.47
259855,12.06
262895,12.37
259341,12.58
260766,12.91
259441,11.88
258811,10.6
260040,10.78
260864,11.29
259963,10.7
259585,12.16
259597,11.28
260016,10.71
259874,11.39
260190,11.82
260150,10.59
254786,9.44
261860,11.86
261895,10.93
261788,11.33
261206,11.48
261633,12.88
261345,12.38
262049,11.01
261797,11.02
261078,11.04
261082,10.47
261645,11.9
258752,11.73
264207,10.41
262744,11.15
261301,11.35
262923,12.18
262695,11.86
261984,10.65
263085,10.58
273964,12.33
274148,11.38
274355,12.59
265098,12.06
275850,10.75
274712,11.93
276382,10.75
277091,11.5
274626,11.8
277097,11.18
275117,12.04
276179,10.52
275027,12.77
277375,13.43
277238,11.19
276359,10.48
274953,10.12
275368,10.63
276910,11.9
274716,11.28
275067,11.37
274401,10.55
276290,10.44
277466,10.75
276942,12.15
276664,12.21
277311,10.88
275472,11.71
276304,9.93
274178,10.66
276547,12.74
276146,12.85
274380,11.09
277047,11.41
278094,11.33
278104,11.21
279397,10.55
277934,10.94
277009,10.69
278961,10.76
280125,10.62
278296,11.55
277597,11.92
277824,11.59
277825,11.44
277829,13.05
277630,11.34
277998,10.59
278194,11.69
278030,9.98
274906,11.03
275624,11.26
276020,10.17
275174,12.77
275304,11.92
275954,11.46
288960,11.53
289099,11.59
289100,11.85
289107,11.24
289109,11.05
289036,9.89
289161,9.39
289163,11.94
289167,13.72
289169,10.55
289171,11.28
289224,9.88
289226,10.16
289231,10.8
289233,10.88
289240,12.27
289243,12.33
288970,10.68
288987,11.78
289110,11.99
277242,10.79
289205,10.83
289210,12.06
289219,10.38
289117,10.85
277672,10.82
279206,11.02
289267,13.01
289268,11.08
289295,11.35
289299,11.83
289384,9.86
289403,12.25
289282,9.75
289320,12.07
289327,11.96
289185,10.99
289187,11.04
288991,11.7
289032,10.47
289034,9.59
289055,11.46
289056,12.9
289013,10.9
289140,10.3
289144,10.55
289147,11.98
289152,11.93
289336,11.94
289337,11.81
289340,10.0
289344,10.36
289246,11.64
289361,11.69
289366,12.98
289374,10.37
292907,12.33
294158,10.82
294145,10.46
304340,13.7
304342,12.05
304372,12.28
304354,12.46
304144,10.75
304145,10.65
304284,10.69
304288,11.94
304325,10.71
303973,10.63
303975,12.35
304328,12.58
304331,10.32
304393,10.04
304394,11.89
303995,12.84
304000,11.26
304002,11.56
304005,12.26
304006,13.34
303989,12.74
304214,11.32
304218,11.1
304007,12.68
304012,11.25
304226,12.41
304064,12.35
304042,10.19
304077,11.76
304080,12.49
304085,10.91
304198,11.07
304200,12.01
304202,10.87
304046,11.19
304049,11.44
304125,11.28
304129,11.62
304134,12.54
304140,9.81
304363,9.86
304015,10.21
304255,10.99
292913,10.97
292926,12.06
304242,9.9
304022,12.52
304024,10.27
304029,10.15
304033,10.17
304320,12.0
304101,10.32
304105,11.89
304155,11.29
304163,10.62
304164,9.76
304112,12.88
304263,13.17
304403,10.04
304174,11.44
304176,9.8
309145,11.4
308051,12.4
308056,10.64
309139,12.15
337383,11.3
337384,10.37
337391,13.06
337398,11.66
337400,10.6
337365,9.41
337371,9.93
337288,12.12
337156,12.26
337157,10.39
337166,9.31
337317,10.95
337318,11.81
337357,9.96
337250,10.06
337256,9.25
337321,11.9
337119,9.84
337273,9.79
337327,9.61
337122,11.13
337264,10.77
337298,10.83
337130,10.05
337151,9.51
337098,9.85
337104,10.21
337495,12.88
337496,9.53
337505,10.21
322152,9.97
322040,9.98
343518,5.31
342118,10.92
342093,11.76
342095,9.2
342099,10.7
342101,10.93
342126,10.31
321895,11.88
321897,10.96
321900,10.26
321904,10.64
321868,12.59
322072,10.11
321958,12.36
322137,10.94
322138,12.58
322077,11.63
322083,11.77
322086,10.13
322090,10.57
321852,11.83
322047,10.94
322171,10.13
321865,12.08
321937,10.83
321941,10.72
322067,11.0
321829,11.34
321831,11.83
321839,11.99
322203,11.38
322012,10.03
321920,12.76
322122,12.41
342133,9.09
321933,11.59
322218,11.45
322015,10.4
322024,13.17
322098,10.69
322103,11.54
322105,10.53
322109,11.95
341019,11.5
341023,10.4
341025,9.73
337173,10.93
337176,12.38
337199,11.77
337201,10.63
337402,9.86
337416,11.51
337417,9.97
341029,9.65
326172,11.34
325216,10.98
329007,5.29
337455,11.24
337461,10.88
337203,13.54
337205,10.68
326170,10.62
325192,10.67
325199,11.11
325200,11.53
337240,9.93
337245,10.71
325187,11.2
337210,9.24
337472,11.4
337440,11.38
260194,10.88
274258,11.76
245768,10.46
245777,10.09
245564,12.52
246155,9.72
245633,9.93
245452,11.27
245826,12.18
245070,12.55
246660,12.07
245395,11.27
245406,11.46
245410,11.0
245368,9.96
246356,11.72
245375,12.11
245378,10.37
245166,9.91
245676,11.96
245950,10.76
244651,10.02
244663,10.71
244077,10.42
244869,11.08
244483,11.3
244041,11.91
244888,12.58
243582,11.83
243721,10.45
243964,11.27
244921,11.94
243666,11.59
244141,10.42
244151,10.8
243681,10.4
243572,10.58
243536,10.57
249058,9.78
251196,9.94
248460,10.59
248914,9.84
247069,10.25
250039,9.71
250480,9.63
258272,11.89
258295,10.95
252420,9.61
252422,9.6
252424,9.56
258214,12.52
258222,10.84
259430,11.93
258792,11.18
260071,10.8
260096,11.92
260460,10.94
260462,10.77
259188,11.73
259084,10.79
258490,12.5
261175,11.74
258642,11.58
259062,11.35
264523,10.41
259137,12.85
260569,11.68
260038,10.91
259590,12.29
259595,11.57
260710,12.12
260264,10.66
260265,11.19
260267,10.5
258366,11.69
259130,10.76
260158,11.56
265152,10.43
261549,11.11
261487,11.14
261259,11.95
261269,11.01
261394,11.09
264795,10.43
261239,12.8
262081,10.98
261630,11.32
261759,10.92
264542,12.02
263238,11.66
264489,11.61
262745,11.04
262945,12.8
264800,10.39
265019,11.49
264997,11.47
276781,9.98
277484,12.04
276472,13.31
276993,12.01
277488,10.78
276102,11.6
276166,10.97
276633,12.26
274623,11.4
275054,11.25
277404,11.74
280215,11.99
276608,11.01
276085,10.36
274597,11.78
276343,10.43
274958,10.75
275367,10.65
275968,10.54
277531,11.02
275523,11.68
275525,11.46
276620,11.25
275219,10.77
274298,12.58
274407,12.78
277288,11.86
276584,9.99
273890,9.81
276266,9.96
276425,11.17
274442,11.27
275884,10.25
274260,12.48
276921,10.6
279357,10.88
277754,11.0
277758,10.35
277759,10.94
279337,9.98
277993,11.09
278002,10.33
278003,12.99
274898,10.05
274485,12.09
274779,11.04
280244,9.93
275411,11.41
274762,10.6
275597,12.01
274512,10.37
274764,11.29
275202,11.42
288963,10.37
289105,10.92
289106,13.06
289037,11.51
289046,12.45
289166,10.35
289236,10.08
289081,10.6
289244,11.47
288973,9.54
288979,10.39
289199,12.08
289200,9.54
289201,10.87
289206,9.49
289211,12.73
289220,13.3
289114,11.78
289115,11.33
289116,10.59
289118,11.47
289130,12.15
278050,13.01
278056,11.45
289261,11.28
289266,10.97
289269,9.61
289270,12.08
289271,13.35
289294,13.64
289298,10.65
289302,11.13
289304,10.39
289383,13.29
289390,9.44
289393,10.26
289399,11.77
289281,10.93
289324,11.37
289326,11.86
289024,13.16
289028,11.79
289176,11.44
289180,10.59
289188,12.3
289190,10.28
288992,9.89
289035,12.23
289050,12.9
289002,10.14
289007,10.48
289008,12.35
289009,11.26
289141,10.7
289142,11.86
289149,9.93
289150,10.47
289333,10.01
289254,11.26
289255,12.27
289338,10.58
289347,10.67
289354,10.08
289248,9.92
289375,10.74
289378,12.51
289381,12.08
292901,10.32
294142,11.25
304337,11.55
304338,10.62
304375,10.19
304377,13.02
304349,10.85
304355,10.67
304356,12.34
304272,12.89
303974,10.4
304388,12.05
304396,11.21
304399,9.87
304401,11.67
303999,11.18
303980,9.93
303981,10.18
303986,9.73
304216,10.64
304217,12.44
304061,11.18
304074,10.85
304149,10.51
304013,11.64
303960,12.31
303966,9.8
304192,12.36
304229,12.64
304234,11.03
304197,10.04
304199,12.71
304047,11.21
304052,11.69
304383,11.62
304127,11.64
304210,12.14
304300,10.78
304017,10.17
304018,10.49
304245,11.03
304250,12.45
292914,9.96
292925,9.54
292930,9.94
292931,10.51
292933,10.09
304314,11.32
304315,12.69
308045,11.99
304099,12.32
304159,9.91
304258,11.09
304267,11.58
304184,10.23
304187,13.76
309143,10.99
308061,10.52
307329,7.47
327667,9.82
337394,10.07
337395,10.93
337106,11.72
337107,11.69
337364,12.41
337368,11.95
337370,10.85
337372,12.24
337374,11.76
337376,13.16
337158,12.15
337160,10.31
337168,10.53
337344,11.07
337347,13.58
337352,12.09
337355,10.94
337314,10.86
337315,10.97
337251,12.03
337257,11.85
337118,10.55
337279,10.71
337329,11.72
337332,10.71
337259,10.77
337154,11.55
337305,11.12
337307,10.4
337100,10.36
337500,9.34
322149,10.78
322044,10.14
322045,11.63
343526,8.76
342107,9.03
342109,11.77
342111,9.02
342112,10.98
342097,10.19
342124,10.69
342129,12.58
342104,9.07
321889,10.2
321893,10.3
322185,11.49
322186,12.86
322189,10.75
322190,11.84
322196,11.5
322201,12.51
321973,11.12
322079,10.83
321843,9.96
321846,10.97
321850,12.54
322052,9.87
322172,10.94
322174,11.75
321939,11.04
321948,10.55
321955,10.11
322057,10.17
322066,10.45
322116,11.58
321822,10.0
321823,10.7
321827,11.23
321833,10.47
321834,10.69
322129,11.58
342130,9.2
321927,10.25
321931,9.93
321932,9.95
322212,13.32
322032,10.71
322033,11.95
322034,10.71
321807,11.84
321810,10.6
309133,10.6
322214,11.66
322018,11.24
322020,11.07
322022,11.76
321984,10.5
322095,10.14
322101,10.52
322069,10.24
322113,10.85
341017,11.3
337172,12.01
337194,12.54
337196,10.53
341432,9.1
337180,9.61
341040,11.38
326161,11.48
326163,9.95
326164,9.94
326166,10.99
326176,10.73
325206,12.01
337444,11.78
337449,9.44
337450,11.52
337427,10.46
337204,10.71
337226,11.49
337236,12.6
325196,10.89
337209,12.09
337242,10.97
337462,12.08
337463,9.93
337475,12.42
337479,10.69
337480,10.79
337482,9.44
258408,11.37
276889,12.22
259700,11.78
258824,11.73
277881,11.25
261231,12.58
243050,11.73
246267,10.74
246312,10.54
246314,10.21
245077,10.83
245087,13.6
245585,10.83
246396,9.81
245516,11.55
246091,10.76
245137,10.1
245402,12.2
245432,9.72
245462,11.7
246007,11.86
246514,10.99
245190,12.08
245221,12.25
245474,10.67
245307,11.14
245308,10.75
245316,11.19
245370,10.59
245812,10.12
245476,12.11
245208,10.71
245640,9.98
245649,12.21
243436,9.72
244867,10.85
244494,9.86
244531,11.65
244698,10.62
244892,11.87
244342,12.54
244626,12.18
244708,11.52
243262,12.46
244785,11.06
244235,12.33
244972,10.82
243543,10.44
248722,10.66
247121,11.82
248338,9.78
248562,10.06
246818,10.12
248425,11.87
248431,11.12
250475,10.6
249896,9.66
252430,9.58
254783,9.48
260236,11.04
260656,11.23
260661,12.17
258110,8.58
252419,9.58
258169,11.33
258323,11.84
259641,10.48
259761,11.75
258729,12.31
259189,12.51
259211,10.52
259217,13.19
258960,10.75
259387,11.17
258944,10.48
259851,12.05
261004,10.94
258424,10.69
258719,11.5
259251,11.88
259148,11.97
260861,11.37
261045,10.57
259997,10.53
260807,11.74
258501,11.72
258507,10.67
260384,11.39
258902,11.92
260721,12.53
259723,11.82
258999,11.58
254781,9.4
260698,11.41
260699,10.8
259886,12.51
259116,11.21
254787,9.45
261439,10.88
261527,11.57
261459,12.19
261267,11.77
261897,11.95
262080,10.99
264793,10.46
261216,11.84
261627,10.87
261637,11.38
261768,10.75
261795,10.54
264620,10.38
262075,11.4
261974,11.8
264251,11.85
261734,12.69
261169,13.04
264455,10.45
261950,10.76
262806,11.26
274368,11.64
274358,10.44
265072,10.38
265010,11.54
274643,12.3
276475,10.73
276376,11.18
275640,11.28
275659,11.71
274665,11.49
274855,11.27
276756,11.98
280213,11.71
277315,10.06
274548,11.98
275676,10.11
275032,10.45
275498,12.02
276522,12.86
275347,10.22
260026,11.31
275374,10.06
275974,12.7
276198,11.88
277382,13.01
274017,13.43
274206,12.92
273878,8.07
273880,9.51
276317,13.37
277019,12.98
276821,11.23
277707,10.86
278971,11.13
278975,10.72
278148,11.59
279255,11.0
275739,12.1
275008,10.97
280245,9.85
275267,13.09
277872,10.9
275572,10.65
274930,11.13
275319,13.04
274810,12.0
275958,10.98
289085,10.38
289089,9.84
289103,11.56
289041,11.64
289225,11.95
289227,12.07
289232,11.13
289237,11.28
288966,10.99
289083,11.42
289239,12.3
289241,9.86
288980,10.39
288984,11.4
289204,11.22
289208,10.99
289209,12.12
289218,10.76
289132,10.74
277688,10.13
289285,11.42
289265,12.7
289300,12.17
289401,9.58
289418,12.92
289317,11.24
289027,10.87
289175,12.89
289177,9.61
289184,11.34
288994,12.54
289000,10.71
289011,10.79
289138,12.43
289196,10.02
289156,10.9
289251,11.51
289339,11.05
289364,11.12
289372,9.43
289376,9.64
289377,9.86
292906,10.5
294152,12.01
294154,10.53
294156,11.99
304306,11.87
304310,11.05
304366,11.5
304367,11.45
304350,10.6
304279,9.82
304323,11.15
304390,9.83
304392,10.56
304400,12.99
304402,11.25
303998,11.6
304004,10.19
303977,12.19
303984,10.87
304008,9.79
304225,11.58
304062,10.33
304063,10.53
304089,11.76
304406,10.79
304148,11.65
303965,10.6
304235,10.46
304203,11.58
304205,10.37
304206,12.28
304208,9.79
304209,12.36
304136,11.55
304138,10.79
304139,11.77
304141,10.37
304211,10.5
304212,9.75
304293,12.33
304294,10.18
304297,10.12
292909,12.74
304244,10.67
304252,11.28
292917,12.41
292918,11.99
292923,10.37
292924,12.46
304239,10.02
304319,9.79
292936,10.64
304154,11.76
304160,11.89
304165,9.69
304113,11.08
304180,10.22
304190,11.59
309140,12.12
309146,12.77
309128,10.65
308055,10.36
320459,8.18
327665,9.79
337380,13.14
337385,9.64
337397,10.98
337378,11.91
337169,12.82
337340,11.95
337346,12.83
337350,9.33
337351,10.57
337248,11.73
337254,12.45
337320,10.61
337277,12.76
337291,13.34
337325,10.59
337121,9.47
337262,11.99
337263,9.96
337265,11.1
337149,9.53
337308,10.47
337309,11.8
337102,10.41
337493,11.17
337133,11.68
337134,9.98
337139,10.66
337144,11.57
337146,10.07
322151,12.44
322155,11.37
322046,10.91
343521,11.4
335917,6.11
342120,10.38
342090,9.13
342100,11.29
321896,11.27
321899,13.34
321906,10.12
321907,10.91
321872,11.54
321875,11.56
321877,12.49
321879,11.75
321880,11.19
322199,12.46
321997,10.11
322001,10.05
322160,10.84
321970,12.68
321975,10.33
321978,12.5
322084,12.17
322087,10.64
322091,11.02
321844,11.69
322161,11.74
322169,10.33
321855,10.01
321863,11.0
321935,11.99
321943,11.66
321945,9.87
321947,11.07
321957,11.79
322115,11.27
321821,11.08
321825,12.41
321832,10.38
321840,10.59
321842,9.97
322010,10.02
321912,10.92
322123,11.96
322126,13.03
322092,11.2
321800,10.66
321801,11.53
321804,10.09
321814,10.32
322213,10.88
322219,12.06
322221,10.42
322016,12.44
322182,10.83
321980,11.72
321988,10.55
322099,13.5
341042,12.18
337175,12.99
337188,10.08
337191,13.08
337192,11.27
337197,13.04
337407,11.3
337181,10.13
341038,11.13
341039,10.18
326162,9.94
326174,10.08
325209,9.98
325213,12.2
325214,11.07
325215,11.05
325217,11.06
337447,9.59
337453,9.35
337424,10.91
337454,10.77
337456,10.43
337458,10.84
337436,11.7
337227,10.28
337231,12.72
337232,12.98
325202,11.05
325204,11.01
337237,12.96
337466,11.19
322165,12.05
258627,11.15
274634,12.9
275080,11.69
258318,10.81
248547,11.02
275012,13.39
260256,10.82
277334,11.79
276697,11.08
276641,11.36
245763,10.46
245764,9.98
250437,9.66
245084,10.44
245121,11.81
245584,11.07
245665,9.93
246104,10.93
246733,10.68
246749,10.75
245445,11.45
246391,11.16
246397,9.97
245505,12.52
245554,10.32
246044,9.84
245520,11.45
246794,11.02
245127,10.58
245408,11.14
245359,10.35
245150,10.74
250576,9.71
245335,11.84
245846,11.58
245847,10.09
245344,11.16
245372,11.51
245373,11.78
245374,11.49
246441,11.58
245110,11.81
245486,10.61
245181,11.35
245677,11.94
245796,11.04
245944,10.42
246034,10.1
244129,12.67
244109,11.83
244012,10.97
244533,11.3
244457,11.5
244468,11.52
244703,12.28
243959,10.11
244791,10.65
244340,12.39
244846,11.51
244287,11.2
243676,10.74
243256,10.13
244117,10.06
244262,10.26
244002,10.99
243759,12.47
244090,10.46
248456,10.98
247072,10.92
250255,9.67
250801,10.18
250745,10.24
250977,10.39
252429,9.56
259916,12.14
260835,11.3
258208,10.5
258159,12.01
260950,10.88
260495,11.88
260087,10.88
259196,10.88
259638,10.84
260465,12.8
258550,13.01
258937,11.33
260424,12.05
259541,10.72
258957,10.69
259309,10.91
260133,11.57
258713,10.54
260581,11.65
260033,11.3
260549,12.45
260550,12.62
260533,12.25
260539,13.07
260378,11.72
258599,10.56
259899,10.49
260196,11.42
259702,11.37
259000,12.82
258358,11.19
260687,12.52
260173,11.19
260178,12.1
259125,11.05
261475,11.03
265159,10.45
262016,11.35
261443,10.69
261868,10.68
261353,11.53
261883,11.38
264796,10.38
261367,12.14
261783,12.24
261214,12.61
261219,12.51
261112,11.46
258750,10.61
261710,11.85
261397,12.0
262794,10.95
264712,10.4
261830,12.29
261735,12.55
261154,11.38
261170,10.87
261422,10.68
262951,11.53
261942,12.2
261566,12.31
261146,11.55
262114,11.43
265302,11.29
265060,10.38
274335,10.4
265174,11.51
275097,11.09
277473,11.22
276465,11.38
276991,11.41
276484,11.43
276738,11.77
277000,10.74
275391,10.93
276857,11.67
276968,12.55
280216,10.52
276607,11.1
277111,11.19
277235,12.67
274602,12.37
276984,12.01
276244,11.38
276248,9.97
274570,11.6
274965,12.07
275345,10.75
274985,10.55
274700,13.43
275985,11.6
274118,9.97
277149,11.12
277163,11.98
273894,8.66
276945,11.38
277409,11.48
276418,9.98
276139,11.46
276117,12.2
276814,10.94
276128,10.96
276442,11.92
277783,11.73
278190,12.26
280126,10.1
278305,11.76
277913,10.44
277744,10.45
277628,11.06
277714,10.22
274605,10.34
274904,12.44
275297,10.17
275001,11.47
274783,11.34
275616,10.73
276019,9.93
275153,11.11
279047,11.83
275698,11.59
275575,10.49
274513,10.21
280086,10.67
288961,12.47
289088,10.8
289090,13.19
289091,11.61
289104,11.26
289042,9.47
289049,11.43
289223,10.76
289228,9.53
288969,12.28
289067,11.79
289070,9.75
289071,10.09
289245,10.56
288983,9.88
289113,10.12
289120,11.34
289126,11.72
289127,9.9
289128,11.15
289129,9.48
289290,12.31
289264,10.73
289385,10.57
289395,11.05
289402,9.75
289415,10.73
289419,11.14
289314,12.53
289331,11.42
289015,10.1
289022,11.95
289186,11.71
289191,11.54
288989,9.52
288997,12.51
289057,9.95
289001,10.82
289010,9.89
289135,11.35
289139,11.06
289195,10.12
289143,10.44
289146,10.22
289148,12.94
289151,11.77
289157,11.29
289158,11.55
289335,10.58
289253,10.16
289341,11.04
289356,10.06
289358,11.68
289359,10.94
289311,12.49
289357,10.34
294153,11.1
292903,9.91
294147,11.31
292260,12.22
304339,11.7
304373,9.93
304274,10.98
304276,9.69
304277,10.63
304289,11.29
304291,9.96
304324,11.14
303970,13.42
304329,11.11
304334,9.68
304397,11.74
303994,12.28
303991,11.37
304219,12.09
304009,10.06
304010,11.81
304222,10.96
304059,12.82
304060,11.49
304068,13.18
304041,10.36
304093,11.46
304409,10.31
303959,12.38
303963,12.53
303968,9.7
304079,11.55
304045,10.98
304054,10.23
304096,12.33
304381,11.63
304386,12.74
304124,9.89
304128,11.67
304130,11.66
304135,12.85
304137,10.01
304296,10.73
304020,12.74
304021,11.38
292928,13.52
304240,10.93
304032,10.72
304034,10.86
304313,10.12
304317,10.32
308049,11.34
304103,12.37
304162,11.42
304168,12.2
304109,12.12
304117,9.62
304172,11.32
304173,12.12
304175,12.75
309144,11.32
309126,10.39
309129,9.63
308052,9.64
308058,11.25
307330,9.05
308066,11.97
327666,9.86
327668,9.8
337388,11.06
337389,11.14
337401,11.39
337109,10.15
337359,11.68
337361,9.56
337375,9.63
337286,10.54
337165,10.81
337508,10.46
337258,10.05
337270,12.79
337271,11.22
337276,11.0
337290,12.89
337293,10.34
337124,9.35
337127,10.43
337302,10.46
337097,9.74
337498,11.82
337503,9.88
337141,10.53
337142,12.4
322142,11.44
322145,11.61
322037,11.46
322041,10.91
343524,8.17
342117,8.95
342122,11.53
342098,10.26
321891,12.84
321905,12.25
321871,12.11
321874,12.39
321878,10.27
321883,10.24
322073,11.03
322188,10.01
321995,10.87
322158,11.19
321963,11.33
321976,11.78
322088,13.27
322049,11.45
322168,10.71
322176,12.01
321938,12.56
321942,10.48
322056,11.92
322061,11.48
321824,11.01
321837,11.56
321838,10.52
322006,10.38
321914,11.87
321923,11.0
322127,10.18
322093,12.27
322026,10.58
321812,10.69
322023,11.35
321820,12.83
322181,10.22
321981,12.03
322100,9.92
322102,11.21
322107,12.22
322114,12.2
341041,9.27
341047,10.58
337174,11.47
337183,9.48
337185,11.16
337195,11.26
337415,10.1
337418,10.86
337179,12.06
341035,12.0
325207,11.15
325211,9.9
337430,9.86
337225,10.13
337229,10.85
337233,9.98
325193,9.98
337206,10.36
337207,9.57
337238,11.56
337212,10.47
337219,9.53
344129,7.6
337476,10.96
337483,10.39
276205,12.35
260755,11.01
245865,10.1
278260,12.4
243232,9.85
245729,10.68
245034,9.88
245074,11.92
245591,10.29
245708,11.27
245620,10.37
245624,11.33
246098,11.55
245635,10.17
245637,10.0
245638,12.98
245417,10.51
245517,11.32
245403,10.84
245240,11.79
245360,10.36
249953,9.67
245878,11.52
246465,9.82
245219,10.9
245229,9.92
245369,11.11
243737,13.59
243740,12.26
245810,11.4
245643,10.03
245648,11.52
245675,10.76
243437,11.97
244653,12.47
243454,10.92
244575,11.65
243956,10.21
244530,9.85
244696,11.7
244705,11.85
244891,11.6
244377,10.65
244408,12.39
243776,12.14
245832,10.97
243241,10.75
244289,12.01
244149,9.81
243551,10.74
244725,10.34
243899,11.4
244758,10.13
244115,9.73
244985,10.93
243538,10.04
243576,10.61
243999,10.57
248887,10.29
251208,10.37
246945,10.0
248661,10.65
250136,9.66
250031,9.62
250259,9.66
250998,10.55
260663,10.93
260664,10.5
258314,11.25
254671,9.51
259652,11.6
259698,11.62
259044,11.36
259607,12.14
260466,10.86
259187,12.38
260444,12.03
258972,12.03
258685,10.52
260421,11.65
258665,12.53
259078,12.26
261014,12.21
260193,11.02
260541,12.63
261047,10.53
259951,10.76
259158,11.68
259933,10.61
258888,13.28
260253,11.17
260592,10.75
260600,11.31
260548,12.21
259117,11.25
261467,10.62
261381,11.45
261903,11.18
261690,12.29
261781,10.75
261789,12.73
261800,11.6
262037,13.15
261273,10.75
261523,11.34
263378,11.69
262824,10.75
261726,10.91
263340,10.97
262953,11.65
261577,12.69
262855,11.46
274275,10.48
274187,10.48
273958,12.19
274066,10.68
274172,12.67
265129,11.48
265086,11.24
275778,10.95
276511,12.54
276787,11.92
276736,11.69
275051,10.19
274852,13.32
277001,10.68
276848,12.23
276760,12.8
275021,11.0
277084,11.89
277339,11.59
276642,11.01
275382,10.36
275225,11.51
274317,11.75
274252,12.4
273882,7.34
276330,10.7
275485,12.97
277493,11.79
276713,11.37
274308,11.66
277915,10.48
278209,9.94
275943,11.41
279067,10.93
274976,10.49
278004,11.31
277716,10.12
278251,12.64
275748,10.26
280247,9.85
275726,11.34
275412,12.01
275606,12.68
277854,11.1
274894,11.69
280085,10.59
288958,10.79
288959,12.62
288965,10.54
289092,10.59
289108,11.76
289039,10.01
289043,9.78
289044,10.5
289162,11.78
289164,10.25
289221,10.11
289238,9.4
288967,11.65
289061,10.45
289062,10.39
289065,12.92
289078,10.04
288981,9.72
288982,12.71
289202,10.67
289207,11.52
289212,10.5
289214,11.08
289215,11.76
289121,12.44
289122,12.03
289123,10.96
289125,13.1
289134,10.82
278080,12.1
279203,10.0
289408,11.72
289412,10.02
289260,10.0
289292,11.25
289297,10.99
289305,10.05
289382,11.59
289396,9.39
289397,12.12
289274,11.74
289276,12.67
289318,11.67
289329,10.77
289017,10.11
289173,11.41
289178,9.88
289179,9.73
288995,11.87
289031,11.35
288999,10.25
289154,10.03
289155,11.69
289256,10.74
289349,11.19
289307,12.57
289353,10.1
289355,11.05
289365,11.0
289373,11.2
294157,10.06
292902,10.22
304308,11.74
304343,10.22
304376,10.55
304352,10.53
304404,9.85
304278,10.25
304285,10.25
304286,10.9
304287,9.7
304327,11.51
303972,12.28
304398,12.44
303992,10.54
303978,11.74
304213,11.91
304224,11.95
304069,10.92
304036,10.15
304037,10.83
304039,11.84
304043,10.19
304075,9.7
304088,10.13
304092,11.4
304407,9.66
304410,9.76
304257,10.05
304228,12.6
304076,11.93
304078,12.37
304083,11.4
304193,11.98
304195,11.1
304051,12.37
304053,11.16
304055,10.41
304380,9.87
304382,12.58
304385,9.86
304312,12.76
304292,12.42
304298,11.05
292910,12.39
292912,12.65
304247,13.35
304251,9.81
304256,10.11
292915,10.82
304023,11.1
304028,11.42
308041,10.32
308042,12.15
308043,10.64
308044,10.76
304167,11.15
304114,11.81
304265,13.03
304269,10.17
309127,10.28
308054,13.36
308063,9.92
308064,10.93
310467,9.84
309134,10.18
327670,9.83
337387,11.68
337392,10.51
337363,12.84
337367,12.0
337369,12.42
337284,13.0
337285,10.79
337287,10.42
337289,10.29
337343,11.57
337354,11.96
337252,10.37
337110,12.67
337117,9.4
337269,11.73
337278,12.06
337280,11.93
337330,12.47
337126,9.8
337260,9.35
337132,10.25
337152,12.59
337306,9.44
337310,11.78
337485,13.29
337488,11.35
337491,11.51
337492,12.41
337497,10.04
337140,10.88
337145,12.82
322148,11.5
322153,11.95
322157,10.62
322036,11.58
342123,9.59
342096,11.08
342102,8.95
321903,10.12
321910,10.92
321911,10.44
321870,12.29
321873,12.28
322071,10.04
321961,12.38
321962,11.26
321971,10.56
322136,11.04
321851,10.57
321854,11.25
322051,10.59
322162,10.31
322166,10.5
322170,10.46
321858,11.14
321862,11.06
322177,10.08
322054,12.51
322063,10.4
322008,11.35
322009,10.31
321913,13.15
321919,10.06
321922,11.81
322117,12.84
322118,11.02
322128,10.09
322130,11.51
322135,12.97
321928,12.95
321929,11.22
322025,12.53
321802,13.23
321803,10.27
321806,11.98
321813,11.99
322217,10.41
322180,11.12
321983,10.71
321986,11.93
322096,11.02
341043,11.28
337170,10.12
337177,10.19
337178,10.87
337182,12.07
337190,11.67
337411,12.45
337413,9.93
337423,11.17
341030,11.86
341037,10.19
326175,10.89
326177,9.92
325205,10.29
325212,10.74
337446,12.54
337451,10.85
337429,11.04
337432,11.21
337437,10.38
325203,10.47
325190,10.08
337211,12.33
337465,12.75
337467,10.96
337473,10.09
337477,10.64
337481,11.55
277518,11.57
273938,12.35
261858,11.11
275208,9.94
274378,10.58
246298,10.64
243168,12.01
243136,10.05
246236,11.86
245733,11.89
245556,10.73
245563,10.76
245601,10.64
245607,10.76
245663,9.82
245710,10.6
246151,9.86
246156,10.0
245440,10.27
245447,10.08
246015,11.11
246673,10.71
246493,11.6
245521,10.69
245214,10.27
245218,12.07
245473,10.32
245853,10.94
245322,13.34
246328,11.41
245951,10.0
244095,10.55
244868,11.63
244495,12.27
243863,10.31
243865,12.53
243584,11.13
244406,11.14
244343,9.81
244203,12.57
244840,10.59
243832,12.33
244150,11.39
243658,10.0
244119,9.73
244236,11.4
243546,12.74
244005,11.37
258301,12.59
248339,11.1
248504,10.22
247076,10.07
248414,9.74
246866,9.82
250390,9.67
250393,9.72
249938,9.62
250343,9.66
252411,9.56
254675,9.55
252403,9.61
258120,8.22
258121,6.58
258315,11.85
259037,10.51
259039,11.46
259414,11.32
261015,11.36
260479,11.21
258563,11.98
259401,10.83
260095,10.78
260455,11.55
258731,11.19
259212,12.06
264128,10.42
258927,11.91
258626,11.44
259442,10.46
261010,10.82
260006,10.83
260159,11.89
260501,12.28
260528,11.73
259986,11.89
260804,11.73
258885,10.77
260330,10.55
260363,11.38
260248,12.22
259877,11.56
260700,11.26
259477,11.94
264725,11.61
261088,11.47
261092,12.17
261541,10.91
261499,11.7
262084,12.59
261779,10.47
261337,12.05
261774,11.49
261287,11.0
258737,11.2
261512,10.99
263065,11.56
261401,10.64
261841,12.13
261151,11.58
261848,11.72
264105,11.32
261943,11.03
261141,11.56
264334,11.08
265134,10.73
264979,10.43
276089,11.3
274649,10.65
276768,11.02
276164,10.97
280214,10.94
277112,13.14
276184,10.7
274555,10.89
276976,10.54
275502,10.94
277373,12.89
276524,10.96
276529,10.68
275244,10.44
276491,11.12
276397,11.21
276239,11.28
276644,11.66
275082,11.55
277029,10.48
277146,10.61
274061,10.95
277177,12.19
273891,6.73
273935,10.44
277061,11.0
277547,12.27
277551,12.04
278206,10.89
277896,11.3
275509,13.32
275466,12.86
275060,10.42
277741,12.24
279268,10.39
274611,11.35
278254,11.18
274785,10.73
275397,11.18
276026,10.6
280241,10.48
280242,9.86
278268,10.2
277768,11.02
279040,10.1
275735,11.34
274538,10.32
281289,9.78
281294,9.79
277867,10.1
274508,11.57
275937,10.35
274802,12.81
288957,11.29
289086,9.49
289096,9.71
289097,10.46
289098,12.26
289040,10.52
289048,10.99
289168,10.15
289072,12.38
289074,10.5
289075,11.16
289077,10.88
289082,10.08
288971,10.23
288972,10.47
288986,11.0
289131,11.99
278165,11.22
281603,10.12
289283,10.9
289288,11.42
289289,13.35
289291,11.0
289293,12.02
289303,10.78
289386,10.12
289389,9.5
289391,9.57
289394,10.1
289400,9.52
289420,10.86
289278,11.78
289279,10.64
292501,9.39
292502,7.5
289319,10.67
289328,10.49
289019,11.06
289026,12.14
289174,11.04
289183,10.93
289189,12.44
288990,11.38
288996,12.08
289030,11.0
289054,10.76
288998,9.76
289004,9.94
289006,11.58
289012,11.15
289136,12.98
289194,11.79
289159,9.83
289343,12.9
289348,10.97
289308,9.79
289362,11.45
289367,11.99
289370,11.06
294149,11.01
294155,10.66
292905,9.52
294146,10.9
304302,12.3
304304,13.36
304336,10.89
304368,10.21
304374,9.77
304378,11.33
304346,11.18
304348,11.65
304142,10.43
304123,11.33
304281,13.0
304290,10.69
304332,11.62
304333,12.93
303996,9.84
303997,10.01
303982,12.04
303985,10.31
303987,12.43
303988,11.57
304215,9.73
304066,10.85
304091,12.6
304147,10.89
304191,10.27
292920,10.05
304230,13.19
304082,11.97
304084,12.21
304194,12.46
304056,9.99
304361,10.68
304097,10.78
304387,11.8
304126,11.28
304132,11.49
304311,9.96
304295,12.5
304243,11.73
304253,12.81
292916,11.91
292919,13.29
292921,10.44
292927,11.16
304241,11.57
304238,13.02
304026,11.81
304030,9.91
304035,10.97
292935,9.87
308048,9.75
304111,9.66
304115,11.5
304171,11.69
304177,10.02
304178,11.55
309147,12.53
308053,10.46
308057,12.29
308065,12.23
320456,6.63
337381,13.02
337393,12.7
337396,11.35
337360,10.31
337377,12.87
337336,12.55
337159,12.54
337162,10.4
337164,12.31
337339,11.47
337341,10.7
337247,10.94
337249,10.48
337112,10.85
337113,12.38
337115,10.33
337274,11.23
337282,11.06
337292,10.61
337326,10.71
337333,9.6
337335,12.79
337128,9.31
337294,10.13
337131,11.47
337150,11.81
337153,11.07
337099,9.82
337101,9.36
337105,10.97
337358,12.07
337489,10.61
337490,10.19
337499,11.76
337501,11.33
337504,10.55
337138,9.95
322146,13.15
322150,12.55
322039,12.03
322139,10.66
343522,6.76
343523,7.12
343525,8.61
335918,6.77
342108,9.17
342087,8.78
342127,10.24
342128,10.68
342103,10.31
342105,11.73
342106,9.69
321892,10.49
321901,11.44
321908,10.03
321909,10.29
321866,11.08
321881,11.63
321887,10.85
322070,10.52
322184,12.32
322192,11.51
322197,11.17
321993,10.53
321996,10.01
322159,12.12
321960,10.91
321964,10.27
321966,9.99
321974,11.31
321977,11.0
322075,11.37
321853,10.86
322050,10.56
322163,11.13
322164,10.87
321856,10.16
321944,12.67
321946,11.89
321950,10.91
321954,11.26
322060,12.65
322062,11.85
321826,12.01
321835,10.04
322202,10.87
322011,12.05
322013,10.24
322014,11.13
321921,11.73
322120,11.67
322133,11.14
342132,10.03
342134,8.8
342135,12.34
342136,12.01
321924,11.07
321926,10.77
322209,10.18
322211,11.52
321805,12.51
321811,12.28
321815,11.32
321818,12.99
321982,11.11
321934,10.2
322097,10.56
322106,9.99
322108,10.03
341046,12.17
341022,10.21
337184,10.07
337186,12.09
337187,11.41
337193,11.0
337198,10.06
337200,11.12
337404,9.26
337405,9.8
337409,10.07
337419,10.68
337421,10.61
341026,9.67
341033,10.06
326173,10.72
337448,11.0
337452,11.6
337425,11.23
337435,9.57
337438,12.74
337228,10.26
325195,11.17
337241,11.48
337213,10.93
337215,12.01
337217,9.85
337220,10.52
337223,11.02
344128,8.74
337468,10.56
322195,11.82
275350,12.81
261327,10.54
261696,12.25
258822,11.57
274520,11.51
259671,11.39
279025,11.97
243124,11.29
246237,13.2
245737,11.12
246304,11.8
245017,12.99
245004,11.27
245590,12.8
245724,10.19
246113,10.52
246748,12.05
245954,11.2
246767,10.64
245418,10.22
246199,10.73
245405,10.66
245234,10.24
245235,11.68
245843,10.08
245195,9.98
245365,10.19
245932,11.88
246370,10.66
245700,10.67
245811,11.34
245168,11.56
245171,11.47
245174,12.94
244648,12.62
244106,12.99
244074,10.7
244194,11.75
244517,9.95
244905,11.05
244032,12.47
244458,9.74
244702,9.97
243929,11.37
244596,11.01
243773,12.72
244339,11.19
244800,11.43
244802,11.15
244803,9.81
244360,9.87
244364,10.44
244252,10.58
244113,10.49
244937,11.14
244140,9.92
244971,11.32
244974,9.88
258154,11.9
250276,9.63
250068,9.64
250867,11.01
258275,11.88
252428,9.56
254421,9.52
254674,9.54
260660,10.69
259914,11.52
258320,10.55
258173,10.88
258174,11.05
258186,12.2
260932,12.4
260496,11.61
258413,12.34
260056,12.86
259405,12.72
259789,12.38
258474,11.18
258935,11.06
259848,10.73
258865,12.54
258916,11.98
260767,11.03
259825,10.86
259826,10.52
260127,11.44
260930,11.54
260192,11.95
260666,12.23
260893,10.67
258778,12.67
259261,10.74
259998,11.34
260382,10.62
260673,11.28
258699,12.72
260200,10.98
259108,11.31
264581,12.13
261442,11.34
261863,11.95
261080,11.19
261281,11.56
258741,12.94
258748,10.61
261703,10.53
258754,11.24
263937,10.42
261166,11.9
261580,10.61
261575,10.54
261977,11.35
274159,12.31
274184,10.59
274090,11.55
264917,11.99
265194,11.6
264976,10.4
276983,11.32
276774,10.37
275236,11.71
276885,11.74
275652,9.96
276729,12.44
277065,10.23
276755,10.15
276039,11.28
274594,13.23
277512,10.27
280197,9.87
280198,9.92
275674,10.35
276260,12.45
276400,10.93
275519,12.64
279888,11.46
276229,10.34
277422,11.58
277140,10.69
274414,12.54
277157,11.81
274325,11.42
273881,9.85
275486,11.27
277507,12.13
276554,11.46
276673,10.05
276674,10.05
277051,9.95
274239,11.02
276930,11.81
278169,10.76
278108,12.06
277734,10.75
278121,10.66
278138,9.93
277893,12.24
278974,10.8
289198,9.84
280127,11.07
277587,10.62
277760,10.79
277831,11.04
277614,12.67
278234,11.64
275270,11.0
277247,10.36
274753,12.01
275286,12.11
275689,10.1
278286,10.71
281293,9.72
277875,11.31
277884,10.17
274931,11.17
277981,11.06
274770,12.19
275206,11.95
288962,10.61
288964,10.5
289093,9.66
289101,12.22
289102,13.88
289038,10.97
289045,11.68
289165,11.97
288968,12.21
289064,9.89
289066,9.91
289069,10.72
289079,11.53
289242,11.19
288974,10.11
288976,11.74
288977,11.26
289203,10.97
289216,12.71
289217,11.88
289119,10.2
289063,10.42
279500,10.38
278052,10.6
279236,12.13
279210,10.03
289287,10.34
289407,11.38
289410,12.51
289411,11.89
289414,10.56
289262,11.97
289296,9.73
289301,12.29
289306,11.39
289388,9.47
289398,10.39
289416,10.56
289275,11.46
292503,8.47
289313,10.71
289321,10.04
289330,10.48
289020,11.74
289021,10.56
289023,10.33
289181,12.67
289192,10.4
289193,12.15
289033,11.0
289051,10.51
289053,9.67
289058,11.53
289003,11.23
289137,11.18
289059,9.87
289145,11.17
289252,11.06
289342,11.28
289345,11.49
289346,11.91
289309,11.02
289350,12.03
289352,10.38
289247,11.37
289249,11.11
289360,11.86
289363,12.03
289368,9.96
294148,10.31
294151,9.61
292904,10.25
294141,11.95
304301,10.18
304305,10.46
304307,13.07
304309,10.42
304365,12.74
304369,9.84
304371,9.72
304347,13.14
304353,10.7
304143,11.52
304405,10.79
304122,12.2
304273,11.21
303976,11.22
304391,10.85
304395,11.52
304001,12.08
303979,10.55
303983,10.86
304044,13.24
304094,11.01
304146,11.5
304150,11.65
304153,12.53
303961,10.31
303967,9.62
304231,10.74
304207,11.56
304057,13.34
304359,10.58
304360,11.19
304133,12.02
304019,9.86
304248,10.98
304249,12.22
292922,11.19
292932,11.75
304236,10.31
304237,9.71
304031,12.47
304316,9.72
292934,10.66
304161,11.21
304166,10.08
304107,10.08
304259,12.06
304266,13.28
304270,9.84
304169,11.13
309141,11.31
309125,10.96
309130,10.93
308050,11.99
308060,11.08
307328,7.34
309136,11.94
320458,8.54
337399,10.02
337366,9.21
337373,10.4
337167,11.67
337353,12.91
337507,9.34
337313,12.6
337253,10.8
337255,11.44
337267,9.54
337275,10.35
337120,10.18
337123,9.57
337125,11.8
337295,10.62
337296,11.34
337297,9.91
337299,10.24
337304,10.4
337487,10.33
337136,11.62
337143,12.63
337147,10.94
322147,10.04
322154,11.66
322042,11.4
322141,13.41
343519,6.12
342113,9.68
342114,8.92
342119,9.91
342086,9.42
342094,8.91
342125,10.75
321869,10.4
321882,10.12
321885,10.43
321886,10.12
322183,10.18
322187,10.63
322198,11.45
322000,11.82
322002,12.73
321959,11.86
321968,10.0
304379,11.39
322081,9.98
322082,10.75
322085,11.8
321849,11.99
322048,11.1
321864,10.18
322178,11.26
321940,10.86
321956,12.19
322055,10.08
322058,12.81
322204,10.77
321915,11.69
321917,12.09
322131,13.37
322132,10.47
321925,11.19
321930,10.33
322208,11.61
322028,11.42
322029,11.37
322030,10.97
322031,11.66
321808,10.33
321809,12.24
322220,10.05
322017,11.07
322019,12.09
322021,11.01
321817,10.66
321989,13.26
321990,11.21
321991,11.01
322110,10.11
322111,10.26
341018,9.43
341020,9.81
337406,9.85
337408,10.48
337410,12.32
337414,11.81
341028,11.05
341032,11.48
341034,10.25
326165,11.92
326171,10.69
326178,12.0
325208,9.97
325210,11.63
337426,10.35
337428,9.41
337431,11.96
337460,9.71
337230,9.48
325194,9.91
325197,9.98
325198,10.75
337208,12.47
337239,11.45
337244,11.58
325188,10.27
325189,11.38
337214,12.4
337216,11.55
337221,10.46
337222,12.05
337464,10.68
337470,11.18
337471,12.47
337474,13.41
337443,12.24
337484,9.33
321902,12.51
